kmean3,ride_distance_y,ride_duration_y,ride_fare_y
0,6359,1031,12.33482189
1,49899,3009,49.69193758
2,2660,522,7.643454681
3,21822,1656,24.85597136
,,,
Average,20185,1554.5,23.63154638
,,,
Normalized,,,
,ride_distance_y,ride_duration_y,ride_fare_y
Segment  0,0.315035918,0.663235767,0.521964229
Segment  1,2.47208323,1.935670634,2.102779767
Segment 2,0.131781026,0.335799292,0.323442849
Segment 3,1.081099827,1.065294307,1.051813155
